epochs,loss
0,0.307650876652
1,0.166801967979
2,0.132383504597
3,0.117913401358
4,0.0996253185641
5,0.0893527825901
6,0.0796070080225
7,0.0684833915604
8,0.0636440554151
9,0.0489654250029
