epochs,loss
0,0.318816388308
1,0.159402461809
2,0.131788930957
3,0.11484520513
4,0.0981672377933
5,0.0892951523475
6,0.0790420826802
7,0.0675227641992
8,0.0641918434575
9,0.04985376101
